timestamp,seq,flight_id,ax,ay,az,gx,gy,gz,mx,my,mz,roll,pitch,yaw,cmd_ail,cmd_elev,cmd_rud,rssi,emi_noise
1761048000000,0,F001,0.017494547413051793,-0.018559759940112865,0.9999867413016917,-0.6807778013626751,0.9919558499052255,1.857905340314125,29.90155307335898,-24.573758685781755,40.18532178271957,0.13652733637469608,0.3545772135142285,-0.17441567779226866,0.0,0.07946773231802451,0.11682550269259515,0.8437678813936502,0.16678744388016417
1761048000005,1,F001,-0.000978563701792655,0.010330655466903961,1.0044236190206988,1.3067589320556054,0.8153536630082399,1.0921314393764914,30.00097920045452,-24.62137116881565,40.181750829260906,0.21643586865562095,0.8642805925487949,0.37369203584333655,0.006283019941676304,0.08377339952279685,0.11899207604675047,0.8589990219126039,0.1805194714577502
1761048000010,2,F001,-0.0010980250304969495,0.014602117953858566,0.9913342925312201,1.2637502643138603,0.6722040197337171,2.127066011695376,30.012016284149635,-24.671072844530624,40.14095612395755,0.5997795782795976,1.025126157890264,-0.21635950131660298,0.01256504772166874,0.08806893840328527,0.1211513094091525,0.8634483298021576,0.225989513149288
1761048000015,3,F001,-0.020953363471830206,0.010590326540708076,1.0031300102914738,0.6286918379546227,-0.08987769206086427,1.654184762928715,29.953157920500953,-24.602740020321974,40.10371744804486,0.21053949619524523,0.5891207635584641,-0.07952908209796056,0.01884509133496727,0.09235382962267158,0.12330306958811654,0.8503939123082742,0.2027875107259826
1761048000020,4,F001,0.007279644759964202,-0.004744803801207823,0.9973287624758075,0.08324537112033548,-0.1612023371807978,3.3822419495601586,30.027848035925015,-24.656456796782734,40.16134625194062,0.3723812081493222,0.5794768381290272,0.39299942171929736,0.025122159089884778,0.09662755513145514,0.12544722385293908,0.8595447327346375,0.20124710226218046
1761048000025,5,F001,0.005883496357147952,0.012722368771074438,1.016774456938658,0.8664035479134851,2.8541337757441347,3.173059724494437,30.09215725974883,-24.535264574958678,40.22436986379279,0.43018423540334605,1.1258899116756074,-0.1185346534462299,0.03139525976465669,0.10088959823008575,0.1275836399420852,0.854373994512618,0.18603215318956307
1761048000030,6,F001,0.005350242277232631,0.023131522774277866,1.0182801171570977,0.5736601208493989,-0.005072648164905491,2.3063478953470606,30.055331031035536,-24.65742935926654,40.25712229160764,0.011325326462967744,1.3210216861835975,0.6904129118791524,0.03766340276396636,0.1051394436314333,0.12971218607134707,0.8424816235484601,0.2022047467076669
1761048000035,7,F001,0.0154121677573165,0.017450767500117408,1.0016969966813893,1.5397998952248653,2.44794880026455,3.28938623817003,29.99613117018744,-24.562176064422754,40.289815473348476,0.33029469640288706,1.184023760661272,0.6390130285699508,0.04392559827537159,0.10937657752308688,0.13183273094197312,0.8485983752575895,0.21315939842261303
1761048000040,8,F001,0.017901449281128558,0.0021416205287127735,1.0162953208055014,1.1492896180508403,1.1417778632274198,2.6531370125085005,30.103086645713017,-24.73238561670763,40.211678993892505,0.2559586273058513,0.7621525052378549,0.5005974491051952,0.05018085742560745,0.11360048762947535,0.13394514374876704,0.8362868132999413,0.18163913594136222
1761048000045,9,F001,0.004346191588120857,0.016615909590276565,1.0001128479694021,0.16869887222892388,0.7233150782876104,2.19057096124215,30.171691656791957,-24.570787605122337,40.197739877110095,0.4925565648339443,1.1159887200773588,0.11503184687501297,0.05642819243674085,0.11781066327380213,0.1360492941881566,0.8328553791715737,0.23484983377275542
1761048000050,10,F001,0.007317943187944218,0.034037995082193975,1.0055905948666122,0.6914857930806563,3.1082754052223858,1.5297718012946944,30.08396889587227,-24.645560426065668,40.2767757346638,0.4992259818539335,0.6022244303358798,0.359765436956814,0.06266661678215213,0.12200659543978687,0.13814505246623124,0.8750168178082582,0.1966976539518576
1761048000055,11,F001,0.01245750561324492,0.029913327511170137,1.0153087538270515,1.2867933169197268,2.0315859443709146,2.6856686103843024,30.036529365763183,-24.56437844992523,40.215377200079665,0.6707947206540058,1.3104688805403655,0.3365542294860065,0.06889514534231904,0.12618777683320623,0.14023228930674844,0.8413539107570063,0.2415350795808906
1761048000060,12,F001,0.0249933641513346,0.032724774199224996,1.022816429947403,0.9189626803691885,2.153052772342836,1.058488147971336,30.05653295427039,-24.624121501217083,40.21745564842523,0.7740005852936043,1.2039172514919525,0.6544701777559503,0.07511279456037853,0.13035370194322637,0.14231087595910816,0.8554025738742566,0.17901745607885483
1761048000065,13,F001,0.02442953713941732,0.01765214802676179,1.0099550202937186,2.2105496388380557,2.7198279414694797,4.164686982138235,30.02858638719282,-24.61190991858117,40.23634249141625,0.10681526255405915,1.4856509647924632,0.4364048761454443,0.0813185825974418,0.13450386710352008,0.14438068420629463,0.8348624341241522,0.23651827093153938
1761048000070,14,F001,0.006316178124766822,0.02619980901222157,1.0087723391834595,0.6596992948456925,1.5063101101949878,2.1011507810037093,30.035187572723117,-24.587657378314585,40.217934538750114,0.0223039693386215,0.9098763381261489,-0.20775366650331412,0.08751152948763805,0.1386377705531607,0.14644158637278554,0.8431675335105624,0.22893603709907873
1761048000075,15,F001,0.008559014195906564,0.01868694242265164,0.99671660355898,1.2548575270273992,0.8651065231354949,3.6770717650942473,29.985027036928127,-24.66621383173902,40.21850881379608,0.7415510716994957,0.5416544067846093,0.8554369274076434,0.09369065729286231,0.1427549124972857,0.14849345533242747,0.8608204854840779,0.18759424001636427
1761048000080,16,F001,0.027328908480860642,0.01824788764223294,1.0201960148471294,0.1749230340875938,2.782351609669974,3.1039110270853723,29.970037563447057,-24.59986035809572,40.32628991078479,0.21241272303518832,1.0527118463306124,0.5393721273204932,0.09985499025720353,0.14685479516752267,0.1505361645162779,0.8623219444388154,0.20281957483787189
1761048000085,17,F001,0.03573647193835747,0.008515645656810336,1.0157214422393113,2.5605633442332207,2.2559516057634745,2.805205496119972,30.017050774674654,-24.62955613537174,40.218799233868985,0.027767974571445087,1.4515953341669379,0.26864024905007333,0.10600355496102734,0.15093692288217017,0.15256958792041228,0.8311258268911739,0.25205409848968113
1761048000090,18,F001,0.019531543141610954,0.01943874639987475,1.0131783631515838,1.03470150278475,1.8623604641533265,3.182697048819238,30.09229325724587,-24.610103390867415,40.26303197056331,0.9310768795486277,1.13151790697746,-0.012367890090203781,0.1121353804746906,0.15500080210612638,0.15459360011369686,0.8492132717683515,0.19862759812014372
1761048000095,19,F001,0.012683868964122578,0.029413032902168748,1.0101287716077627,1.3319611023429134,2.294453982067338,4.302416532084175,30.167310788279195,-24.59735043365354,40.24484486408691,0.8591462583235893,1.091722725258058,1.0744027481999672,0.11824949851186235,0.15904594151055826,0.1566080762455255,0.859670274002974,0.21822980233600803
1761048000100,20,F001,0.029977427311097524,0.020312377430412275,1.0152342812770998,2.26189538845177,1.7628750539672131,2.5498348881206065,30.119097448131186,-24.53354943562818,40.28090418560463,0.47472389367331913,0.9004401924342211,0.36084663969550174,0.12434494358242743,0.1630718520323038,0.15861289205352144,0.8385101904035822,0.19925323406234785
1761048000105,21,F001,0.015259326141473004,0.00035748559948702366,1.022457209172385,1.3191684831805648,2.514781563585594,3.238333685018985,30.06807161350832,-24.558684796126897,40.29356727090962,0.6182863991879862,1.721786323533352,0.4696377675545311,0.1304207531449485,0.16707804693300043,0.16060792387120207,0.8459554507066425,0.20262393568149253
1761048000110,22,F001,0.024783655848867506,0.024245224782870833,1.0217460748272946,0.7596083626427903,2.0810771607083036,3.584566260067642,30.05718924989985,-24.60282471569573,40.23387869410038,0.41339130250735645,1.4118202605618262,0.29733277982095785,0.13647596775866264,0.1710640418579327,0.1625930486356075,0.8449927197768284,0.2292665577816242
1761048000115,23,F001,0.0320323278192091,0.006995690082959102,1.0149770910107667,0.44545815612233675,2.00166490159458,3.6916141419732984,30.109677476615044,-24.595628394439107,40.339044685056145,0.9023414158817662,1.0709250115271298,0.5640483719488454,0.14250963123498808,0.17502935489459107,0.1645681438948914,0.8608411747806083,0.19298694259625163
1761048000120,24,F001,0.02171106308044994,0.02278520905610401,1.014062056516294,3.0320623479647115,3.344351040709877,4.036864269400725,29.998479130283474,-24.56813527972844,40.32875147283722,0.9344277301324284,1.6502021383354237,0.6456323500943689,0.1485207907885175,0.17897350663093603,0.1665330878158747,0.8667380907304497,0.20315771692355294
1761048000125,25,F001,0.014877067993749849,0.008991393626163387,1.021622448754481,3.2110090206578397,2.7432070773415744,3.6739398029276447,29.99191689495149,-24.602339427361386,40.35020044773622,0.9973064534681991,1.6518658530565444,0.9729112897385703,0.15450849718747373,0.1828960202133596,0.16848775919156064,0.8667986843499826,0.2006325463531124
1761048000130,26,F001,0.02007119333382635,0.03198481751536283,1.0110805904854936,1.3455101877835747,2.6562960287979416,4.220946209210222,30.051011754489362,-24.593833973496427,40.269658437957226,0.39602941863190183,1.2479717359172304,1.3177637842721341,0.16047180490360477,0.18679642140433775,0.1704320374486115,0.857146671480294,0.22355728960259627
1761048000135,27,F001,0.004815913632709062,0.01365523523318576,1.0065412794421422,1.9384438536475368,2.230909106249353,2.7036253931356002,30.081225160458594,-24.569282633083976,40.323621721042926,0.7830605737248107,1.3498041102671459,0.7170793467875977,0.16640977226149337,0.19067423863976637,0.17236580265478588,0.8576594256825347,0.2261606928841134
1761048000140,28,F001,0.007854141728910004,0.025377067893827973,1.0067930481464906,1.381066151636137,3.099374800133031,4.6745642491799,30.056896378817388,-24.57574120706437,40.25461019713163,0.4520294477299053,1.2975917181481764,0.93636660395004,0.17232146158725856,0.19452900308597387,0.17428893552633706,0.8485326461718476,0.2227730726172316
1761048000145,29,F001,0.002203412218593552,-7.385676509102414e-05,1.0126285006026303,2.9126055471174723,2.9965222036199792,2.3330136710576643,30.031554557627807,-24.588208386792214,40.25870221561932,1.0511744366776647,1.5276922522729393,1.0016278752265142,0.17820593935662535,0.19836024869640406,0.17620131743537085,0.8486608085196777,0.22370435281406895
1761048000150,30,F001,0.0041365867308772305,0.011385650767265828,1.0344550857056445,3.738158804003823,3.160866817152907,2.1553347731047863,30.020858818856457,-24.518965424896145,40.302043728647995,0.381745564868763,1.3320017329491851,1.0465847262398045,0.184062276342339,0.20216751226796173,0.1781028304171629,0.8709452698754682,0.24562187367292815
1761048000155,31,F001,-0.0005020861731573519,0.01358038243360391,1.0264840786643608,3.1255146139821908,1.904451928325813,4.310600045025651,30.096751242590294,-24.641439368658823,40.37906187489388,0.7942075075171375,0.947602145480592,1.2887235326361255,0.18988954776090056,0.20595033349701472,0.17999335717743561,0.8564572730719847,0.22573357971489286
1761048000160,32,F001,0.0006489114316959991,-0.002784850517503403,1.0110439172038201,1.5694812677267007,3.673311674103052,4.71696348613133,30.146971606491274,-24.571994893004987,40.38039385291955,0.7491470149430877,1.0290508576159323,1.3137421613562377,0.1956868334186012,0.20970825503504492,0.18187278109959312,0.8438068108563863,0.2409622598002683
1761048000165,33,F001,-0.0031771489860242057,0.004490578877248775,1.0263443788355553,3.1032460302324325,2.685705350532547,3.96513305929387,30.07707762823147,-24.562147494978845,40.31422171037445,0.7938091287206497,1.1912062572366238,1.4379042072040227,0.20145321785683135,0.21344082254394287,0.18374098625191518,0.8628557828325629,0.22232066735910927
1761048000170,34,F001,-0.00036603403736336164,0.003719579250668158,1.0314393669940398,2.3640319911104015,4.534900915214734,3.7634835813171104,30.09668556568665,-24.545833404541497,40.266562693117045,1.3007418853607071,1.4614610877469563,1.2689436528020483,0.20718779049664207,0.21714758475093748,0.1855978573947079,0.8490769802619773,0.21227199234331853
1761048000175,35,F001,-0.002491972686556837,0.008926106690171843,1.0304842082311214,3.1395214547271597,3.243158361048302,5.476921280487029,30.13909877855421,-24.507130541559945,40.326832026256874,1.2001667440934194,1.4109298040420664,1.065357831291025,0.2128896457825363,0.2208280935031558,0.1874432799874125,0.8611715048109163,0.21564970088874855
1761048000180,36,F001,-0.002010326662354288,0.007453947513322556,1.011090945396825,3.207838817665031,2.614625748384184,3.3758301978489857,30.024741479190876,-24.632834630241426,40.368879228491785,1.2542339618646554,1.2392981560345757,1.0531822936870532,0.21855788332546644,0.22448190382180522,0.18927714019567088,0.8568521224056767,0.2865671722104141
1761048000185,37,F001,0.007252952789932718,-0.010933695765244849,1.0227224196693447,1.893836745178797,3.853562130810105,4.50080798817085,30.181947046449153,-24.516564512006486,40.26101629951471,0.41729328337915006,1.2048498300880797,1.618784602513843,0.22419160804501612,0.22810857395597206,0.191099324898347,0.8458755824271245,0.22825669592496522
1761048000190,38,F001,-0.023984211507325305,0.016112274194941843,0.9960491840776721,5.12898041017448,3.3770985773214846,4.809129419072091,30.061492442668367,-24.56603827622469,40.2476780815604,1.2965344195900896,1.2941652518258437,1.1628472000750656,0.2297899303107439,0.23170766543602994,0.19290972169450518,0.8458300150198406,0.19637059815162952
1761048000195,39,F001,0.002775357533019081,0.00945739075739753,1.0118394152627472,2.296141852769881,3.725107846227805,3.8716081539969673,30.116595801182267,-24.587719176194025,40.356194715169,1.2799813899403916,0.7985301102892123,0.6981032907041949,0.23535196608266626,0.23527874312665142,0.19470821891034334,0.8490150594693487,0.2164774372868226
1761048000200,40,F001,-0.014128209503317786,-0.004075496233419882,1.0218332004057877,4.192792826283611,2.869039329739547,3.9973834154679153,30.018983484709757,-24.553120486793347,40.29175447583142,1.4559056825769885,1.3224548716180784,0.8977422515052833,0.24087683705085763,0.2388213752794163,0.19649470560608154,0.843539545975228,0.21657962280691165
1761048000205,41,F001,-0.02554969937249575,0.010385610066869978,1.0263692870397434,3.384681146923698,2.697038087365542,4.332637596440797,30.145887674050986,-24.542541187647544,40.34301394686444,1.0913156912909283,2.192737259504332,1.5384690633386642,0.24636367077414573,0.2423351335850108,0.19826907158280518,0.8329694191550259,0.2356849418776396
1761048000210,42,F001,-0.016303570220202325,-0.0028735057224038296,1.0147003973861222,3.8157218736870044,4.004543610569973,4.401006985959685,30.153968751172435,-24.486250731741315,40.31791136707831,1.2605493860646868,1.6144844862060965,1.1606600598911612,0.2518116008178804,0.2458195932250108,0.20003120738926294,0.8546063480614554,0.23145738114518644
1761048000215,43,F001,-0.01488471649821998,-0.007588903674137656,1.0082558719737877,3.864245383866455,4.056720374760933,4.15847559917696,29.974810562955703,-24.5595355517992,40.24366575689971,1.525512048863788,1.4481593537193358,1.453804280087144,0.2572197668907532,0.24927433292324275,0.20178100432861779,0.8417082355496116,0.239793796599552
1761048000220,44,F001,-0.00621097393956244,-0.016402620196648537,1.0190388803342971,4.349452174504331,3.46289725834271,3.85035380151126,30.13759980405678,-24.595163391542634,40.4140734774024,1.05415657410006,1.4989867801207457,1.5068840142916153,0.2625873149806478,0.25269893499671686,0.2035183544651523,0.83696364980363,0.22665868410563517
1761048000225,45,F001,-0.028436474966485686,-0.030524985312251972,0.987142007519064,5.634727482873207,3.945535742393507,4.405871019965892,30.205762778022944,-24.59381574636304,40.41756341849445,1.4114635836685552,1.9056675689489357,1.5599783519615267,0.2679133974894983,0.25609298540612546,0.20524315063092632,0.8580224706969277,0.2550136686739998
1761048000230,46,F001,-0.01642204763804286,-0.0025953670124048652,1.002512256623176,4.806610416936593,4.289717507132449,4.412268550655128,30.07053455960482,-24.580631355753116,40.3943913005175,1.327409111255455,1.1283955499431788,1.4050200244099285,0.2731971733671345,0.2594560738059008,0.20695528643238786,0.8510550919825977,0.23470017575618154
1761048000235,47,F001,-0.0180276786700046,0.004580828672313944,1.0156162464131742,2.212551887180388,3.3697576030721477,3.447072508065613,30.158457501266703,-24.517604895430008,40.32314130354397,1.3739179128674943,1.7274519186501829,1.114862690372474,0.278437808244094,0.2627877935938267,0.20865465625693583,0.8501322808241112,0.21025173723690765
1761048000240,48,F001,-0.03648685394420707,-0.0016280169124544362,1.0119844660511164,4.343413679267896,4.9952311961109395,5.618570715137856,30.108094815737488,-24.50784645683561,40.36968628044561,1.3091585652108866,1.7853567615851893,1.452841773320459,0.2836344745633782,0.26608774196019713,0.21034115527943467,0.8525957932988956,0.2234279081896113
1761048000245,49,F001,-0.03176879194556724,-0.0027879238337814643,0.9893290890229706,4.876496945422737,4.000696427973935,4.943238485333058,30.145219832073064,-24.517532201366976,40.35406205694662,1.2358829803911502,1.013009965455098,1.4093061113374394,0.28878635171113376,0.26935551993651646,0.21201467946868055,0.8606084535237735,0.26518964341159385
1761048000250,50,F001,-0.013998979943724529,0.009366035446415242,1.0039271269517986,4.980208321324968,2.6781741098913834,3.938979263672736,30.17398837999862,-24.5100371936623,40.29417884936091,1.7385217509855146,1.4195008156546356,1.0651872844253012,0.2938926261462365,0.2725907324437356,0.21367512559381852,0.8403107124293379,0.2121261319948654
1761048000255,51,F001,-0.01295556673831295,-0.0258800829602229,1.0206424652109989,4.499715707803448,5.350779328281982,3.940565520507326,30.248737704688594,-24.624579338768438,40.354302735433144,1.2739747448162644,1.6692004983087214,1.9350325551339722,0.2989524915287594,0.27579298834001725,0.21532239123071018,0.8512365280566252,0.26719549194031955
1761048000260,52,F001,-0.008768636413605172,-0.004999022317486289,0.9891094122891203,4.964933495270097,4.540629193855155,3.958751553648767,30.177408805765552,-24.559696891504444,40.46072214337935,1.4559768217829665,1.668251136923544,2.0860203791761727,0.30396514884730264,0.27896190046802577,0.21695637476825166,0.8489501235481482,0.1890879552481568
1761048000265,53,F001,-0.013867656557085759,0.006993903417308952,1.0011213257273686,4.167234875437948,4.3405080657744906,5.928587595869548,30.154274100576576,-24.544961923675643,40.37295600567504,1.462818711777796,1.3878284248865385,2.1001286109540573,0.3089298065451671,0.28209708570173503,0.21857697541464166,0.8334382371672326,0.2559219231254928
1761048000270,54,F001,-0.014643409588413439,-0.015197044340813048,1.0125226663795475,5.158534524435422,4.708472254911874,5.750532093388481,30.16469040828934,-24.52298723261799,40.391772078030606,2.368792243867106,1.7329881497665465,1.4873527567111648,0.31384568064535023,0.28519816499274864,0.22018409320359864,0.852367392904743,0.2704408199559272
1761048000275,55,F001,-0.016591455190141317,0.00465716719775827,0.9891434375569262,5.033112667903609,4.954478088001105,4.677454309352168,30.088912758061728,-24.58280956307283,40.3994299106992,1.643423144663489,1.1886931833232306,1.290359593014847,0.3187119948743449,0.2882647634161279,0.22177762900052714,0.864079933805903,0.21181555064266028
1761048000280,56,F001,-0.004795542089106885,-0.01849920931820503,1.018159229891239,4.003066696717422,2.3138379745869035,5.068771184162921,30.221878269999902,-24.577153386342083,40.32492308017431,1.82261113008351,1.839366757053494,1.3668814047523752,0.32352798078472217,0.2912965102157204,0.22335748450863294,0.8345087504547865,0.23220650857268446
1761048000285,57,F001,-0.024233761258317013,-0.021806652014446322,1.0023784459572085,3.5308509394450356,3.556966058921004,3.848255179172063,30.0811616265293,-24.458172298641216,40.33715174125924,1.7238984505974038,1.654828856949572,1.8835795613366577,0.3282928778764782,0.29429303884898506,0.22492356227498655,0.8725274021893343,0.23489036508292133
1761048000290,58,F001,-0.015998308358590365,-0.035868918676512186,0.9994830403434142,4.780711431613004,4.481563722870441,5.0490575801226845,30.133800327414523,-24.661821964074715,40.382281594668655,1.5215264968153734,1.7351686402569546,1.604450686659079,0.3330059337171258,0.29725398703130773,0.2264757656965345,0.8479576960178865,0.23053411994438486
1761048000295,59,F001,-0.009372695925488176,-0.011543174904903173,1.010614302121641,3.96612668183545,4.577172811170527,6.256226993257535,30.14192419512808,-24.519784193460772,40.40416505765248,1.4449815799953303,1.1229534059509372,1.8016009319960553,0.3376664040605122,0.30017899677980187,0.22801399902605815,0.8553400270846615,0.2319384061039319
1761048000300,60,F001,-0.027530648131765662,-0.009526452652581402,1.0110728678796266,4.67808427275418,4.5723932344981835,5.92716030628213,30.17850604619883,-24.557943109601062,40.52739876435369,1.4812180440195664,1.2843948446190048,2.0686344618935477,0.3422735529643443,0.30306771445658914,0.2295381673780801,0.8551880636026034,0.25369678070003837
1761048000305,61,F001,0.002928608087143316,-0.012392126188179056,1.0071352320450808,4.92613384222487,1.946251878620176,4.51917300385128,30.135553538970363,-24.556460827057702,40.441790272678,1.9958750646571528,1.4091352072059091,1.8414612245379358,0.34682665290640247,0.3059197908115548,0.23104817673471684,0.8541313256211746,0.24187875415687668
1761048000310,62,F001,-0.016444235909067025,-0.016360897601754118,0.9937095066439766,5.217061253179986,2.889548148363501,5.656406646856955,30.312982658851436,-24.52891352642765,40.392580577252716,1.5632635445998466,1.5496685249163922,1.5278575812183566,0.3513249848994246,0.3087348810245725,0.23254393395147846,0.844553152860742,0.22797645265085106
1761048000315,63,F001,-0.007492252526615732,-0.011515399940780009,1.0188217318491195,4.973144505981812,3.258769798774989,5.444988636823637,30.188101884695907,-24.461628920714904,40.422245068360304,1.5253489356560155,1.3874614617959398,1.4084693708650802,0.3557678386046427,0.3115126447471937,0.23402534676301423,0.8627309514854997,0.2417532307142356
1761048000320,64,F001,0.016592946514770696,-0.020954621461370834,0.991693744744339,5.553422865640158,2.871984503265108,5.001638899872577,30.27309090752367,-24.537240143766695,40.36807611610455,1.0538189287475714,1.5338166295544988,1.969380133164906,0.36015451244395347,0.3142527461437959,0.2354923237888039,0.8431691706444793,0.23570978847345406
1761048000325,65,F001,-0.011423061823573475,-0.036421574029428895,0.9972437607370351,4.649414625212181,4.729011364633798,6.306400969137136,30.149245388298297,-24.612984589504556,40.50335759592998,1.982668701753027,1.3611039868674932,2.0607857008831414,0.36448431371070583,0.3169548539321862,0.23694477453879434,0.8605121873827092,0.23794061723190565
1761048000330,66,F001,-0.006549530667065726,-0.0165214303006497,0.991412207358272,5.326107785548136,4.252920709416844,5.981150471303824,30.232545743293947,-24.489894335672506,40.416027675468094,1.191771806022904,1.457568078156031,2.137717896175918,0.368756558679087,0.31961864142365304,0.2383826094189817,0.8583656365915292,0.28070034127072035
1761048000335,67,F001,0.01624525211806669,-0.013875413389480637,0.9953677963702082,7.027493310680356,3.3815582237758885,6.410761381967532,30.27650858276689,-24.524857161753584,40.401035157439615,2.0814123166843532,1.470393673438811,1.9993451110293825,0.3729705727120911,0.3222437865624643,0.23980573973693772,0.8586874200334176,0.268263059878453
1761048000340,68,F001,-0.008295273580686768,0.00794814297233289,0.9928858203871593,4.725616457826869,4.940778796622078,5.616890887179922,30.169679395408867,-24.515413049432027,40.45969877827489,1.7785970839552467,1.7151162835455471,1.6423497669993399,0.377125690368052,0.3248299719648033,0.2412140777072809,0.8543529667208135,0.2546669420626576
1761048000345,69,F001,4.2288640555875404e-05,-0.023697582387033157,1.002425351679535,4.508488243354965,3.914941482261796,7.074088467334075,30.221590711934407,-24.52010990219185,40.44170419594599,1.7603723222477314,1.4880227932142707,2.1690147195578597,0.38122125550572394,0.3273768849571418,0.24260753645709135,0.8533046469572859,0.2589447196306505
1761048000350,70,F001,0.011341180260848644,-0.01774538559998912,0.9894208873493423,5.786549940469251,2.7810071835395727,4.691139413953578,30.239096773961727,-24.46291918322865,40.449797969969644,1.3666808446837848,1.5162050708902657,2.1878821940065736,0.3852566213878946,0.32988421761404213,0.24398603003126956,0.8488852882880504,0.26281726138744754
1761048000355,71,F001,0.012496886415553667,-0.036439359044240276,1.0024071138930755,4.654931820767663,4.676126527052095,3.999176819501237,30.30275264358878,-24.439987716419516,40.40590442140209,1.8389618169889341,1.8409968208477894,1.9761964712123747,0.3892311507835117,0.3323516667953861,0.24534947339783866,0.8463666269938369,0.25838203864963505
1761048000360,72,F001,0.01557193551184884,-0.03636559884417815,0.9789812403785176,4.316050231310293,3.4714385018430125,5.207365782208994,30.185938742450407,-24.503822250342377,40.39398350222086,1.5535781225322776,1.7009382816801801,1.9933280518116143,0.3931442160683095,0.3347789341830248,0.24669778245318938,0.8750067713009666,0.24589224857760492
1761048000365,73,F001,0.01494673089991007,-0.029738282264842167,0.9827310554261257,4.528207282406108,3.581017039352054,6.102682773987856,30.199259843552863,-24.59104572804324,40.39578440293663,2.1519873100510925,1.6623320191100197,2.6710215608429886,0.3969951993239177,0.33716572631684616,0.24803087402726803,0.8462857381148324,0.25605271907838273
1761048000370,74,F001,0.02620226051346132,-0.003022295824712872,1.000606308163907,4.58464915196883,4.353326626440647,6.550342385970099,30.150697006382828,-24.60699236955685,40.38025903602109,2.416075963644587,1.4206755711140389,2.289120621991108,0.4007834924354383,0.3395117546302542,0.249348665888707,0.8434463079555397,0.23884561559512968
1761048000375,75,F001,0.024301557087591595,-0.01582362709973098,0.9818976094582929,4.983481342568861,3.7804712750537623,5.380197002752242,30.154953422572284,-24.547556270886396,40.384126222731254,1.478870119361484,1.6505842501576393,2.1423055663304296,0.4045084971874737,0.34181673548505737,0.25065107674989684,0.8572531829527278,0.2588820651684102
1761048000380,76,F001,0.021363049396295002,-0.0158486986081238,0.974813122839471,5.464858790346451,2.9803064786947147,5.824109114269228,30.21349631782419,-24.546910221015597,40.4172674517952,1.9362746663955654,1.7845986105235305,2.5415080389699445,0.408169625358592,0.3440803902057608,0.25193802627200074,0.8572797349295176,0.2617586775902664
1761048000385,77,F001,0.00971359532181002,-0.021082554093173122,0.9784363692959509,5.154983588941241,3.820369551811909,6.320389375606668,30.232225765814153,-24.563224461206953,40.509136906149166,1.6172167862023197,0.8872852461544762,1.9656461068822257,0.4117662988142137,0.34630244511325875,0.25320943506991017,0.8469082396395533,0.25623873927564633
1761048000390,78,F001,0.010390534306836278,-0.012742364636586533,0.9818744644120707,4.093753557416921,2.579128779326767,4.956697920281892,30.166683380136035,-24.518068015436953,40.38909242123935,2.027798166395391,1.406616948764304,2.7342386267561816,0.41529794959790634,0.34848263155792236,0.2544652247171415,0.857153095478949,0.24163106885878033
1761048000395,79,F001,-0.0007278029032221252,-0.005557398584413217,0.9781619157528921,5.135552560531433,2.649003717515691,6.601659696133708,30.303851032382763,-24.469069006478513,40.428826632015976,2.1356675639573646,1.5717243184230565,2.052993277742305,0.4187640200210709,0.35062068595208024,0.25570531775067407,0.8556013635711516,0.24473231321180558
1761048000400,80,F001,0.02589425381174717,-0.0074917296008561556,0.9792096890107593,5.2111855515617185,2.393164850821006,7.380321470608315,30.30706323087919,-24.464432479924728,40.455610979286796,2.1041105395803426,1.7528611933521943,2.5771714172308893,0.42216396275100754,0.35271634980188626,0.2569296376757282,0.84785302634097,0.2313584178875741
1761048000405,81,F001,0.0012882394035382896,-0.01322232263205544,0.9744131570624255,5.608647268016146,4.338508643710574,7.204795586554392,30.19398704336678,-24.501566018024374,40.51197263534709,2.0191389536386413,1.756735692587203,2.3800733592408645,0.4254972408973459,0.3547693697385721,0.25813810897048384,0.8461397918434334,0.2336851323486544
1761048000410,82,F001,0.028633432023458624,-0.009690253352855041,0.9744954304610878,5.145376841832612,2.119464178218978,6.133797702390715,30.1821771690804,-24.561825967642086,40.468448941747,1.9945420503385562,1.6540464880743426,3.0444801032643234,0.42876332809682605,0.35677949754907956,0.25933065709073905,0.859341176321293,0.2481638780423504
1761048000415,83,F001,0.038453779936631696,-0.006560615622961702,0.9733626477261835,3.668716957221883,4.330046212827306,4.756063794382613,30.35059629081957,-24.571832711243246,40.450009205397656,1.9555725418380847,1.7207596471913003,2.4178873189523027,0.43196170859641764,0.3587464902060704,0.26050720847450853,0.8499924528179914,0.22679112037457866
1761048000420,84,F001,0.00934399053068097,-0.00240038173327889,0.9909428286903684,4.879201388738143,3.7671151534180645,6.631683641680571,30.28662231804086,-24.51046626301305,40.43099585974248,1.8645245938231552,1.3523378680967602,2.3735514341381774,0.4350918773347628,0.360670109897308,0.26166769054656075,0.8480955047040872,0.2562545985753394
1761048000425,85,F001,0.01290892012787056,-0.0044972102829878655,0.9941026491388171,5.382543953242863,3.9830379735267685,5.5776219516801255,30.25423560140244,-24.56816521134877,40.431515082755084,1.9315610629717275,1.1465244188914812,2.5269839347041887,0.43815334002193174,0.36255012405440995,0.26281203172289525,0.8546827764824755,0.2576414720960997
1761048000430,86,F001,0.014609518423906133,-0.009909808849932958,0.9841393258156589,5.295541324323267,2.6842139482149916,6.6655792763330775,30.270482133847057,-24.460987344619596,40.51791839962935,1.362921552259722,1.527006842197985,2.684981049210111,0.4411456132174766,0.36438630538096517,0.2639401614151578,0.8530508065613192,0.2846060969358382
1761048000435,87,F001,0.02712071967468723,-0.019932570673581715,0.9892507033115147,4.141236272025445,3.78243037031422,4.826321281227911,30.27306692337035,-24.534297087699464,40.493724074611066,2.0389967673177494,1.394790371695118,3.0054678942338215,0.4440682244067722,0.366178431880015,0.2650520100349951,0.8550639143078386,0.2987781280888832
1761048000440,88,F001,0.009463015886981313,-0.0035511496956809486,0.9805457927163053,4.596864260489227,4.363150929533272,5.54478306199652,30.24999181254493,-24.47284677684336,40.482903288016686,2.306725547357435,1.334764939150813,2.458868413848918,0.44692071207563183,0.3679262868808926,0.26614750899834705,0.8552213106602051,0.2282002011291246
1761048000445,89,F001,0.01590942586930152,-0.0034513602097826107,0.989350147709789,6.327535283659821,1.2564328737576789,7.087957172517491,30.274091274101288,-24.49271207674347,40.56517798356575,2.223284137015801,1.1860359463660364,2.997431902443519,0.44970262578318543,0.3696296590654186,0.2672265907296772,0.8485134827033577,0.2287775740221371
1761048000450,90,F001,0.010949463561341521,-0.0034233890457078236,0.9791400443209838,4.509349679147109,2.2975916585543437,5.460824180267511,30.22589707999245,-24.456884604633647,40.272061435258465,1.9294922941756842,1.714897488194832,2.503577008392603,0.45241352623300973,0.3712883424934505,0.2682891886661416,0.8525843251965993,0.2564521066326056
1761048000455,91,F001,0.01248945214906239,-0.005490242226414288,0.9729739006776982,4.827895059360829,4.250013282209698,6.2860166261727715,30.312584443101056,-24.54764914024453,40.463258485802434,2.190676069379898,1.6584450307171046,2.9017536854274955,0.4550529853424978,0.37290213662778,0.2693352372616941,0.8592303536878007,0.22470360362220948
1761048000460,92,F001,0.02660368940280676,-0.011491282293137377,0.9886133521891982,4.213014260589278,3.0192534930541437,6.00905091753695,30.245120264282235,-24.542079935092406,40.458436962253174,2.1706918195766587,1.6238323713967109,2.935431046415227,0.4576205863104587,0.37447084635837946,0.27036467199113007,0.8453760182095775,0.2778218761071642
1761048000465,93,F001,0.002616092541246305,0.011738543610727768,0.9808111076872398,5.107063942168676,1.3643637718156203,5.726714896203948,30.340265130203925,-24.46283505958482,40.44898868062744,1.5995089947239765,1.8456407511435362,2.7014902407742767,0.46011592368293514,0.37599428202598983,0.27137742935406634,0.8572044908817092,0.2920911245264767
1761048000470,94,F001,0.011434133641302838,-0.004265930176014836,0.9912353810200214,5.082598488479578,2.259780582067312,5.9631149762078115,30.250072441534346,-24.48212869950478,40.501514165528135,1.7733604776372178,1.9189129390346702,3.663707736629407,0.46253860341722897,0.37747225944505175,0.27237344687885817,0.8575612158599433,0.21581215711296073
1761048000475,95,F001,0.01179587295635497,0.002850401393123896,0.9711783441854414,5.804210589189291,2.1584435447140033,3.3382627273861623,30.315475302135916,-24.51964240859703,40.508791720116406,1.8769771957724288,1.0290718852641523,2.796969592520605,0.4648882429441257,0.3789045999259732,0.2733526631264531,0.838317586469736,0.26367477737916356
1761048000480,96,F001,0.015949162792424462,-5.906431295540221e-05,0.9843124430842022,4.857154199878595,2.5431694209126334,5.6240352804560025,30.2877499565659,-24.402997321815405,40.46413644581236,2.002799399261207,1.3053254096224247,3.3566283409120277,0.467164471228306,0.38029113029673334,0.2743150176941803,0.860950138370411,0.23843042012826038
1761048000485,97,F001,-0.00706091466965035,-0.007003303317562288,0.9762761034798061,4.744297110948317,3.4064460949625626,5.402567017803879,30.246854572801535,-24.467123491354254,40.47882486776482,2.1032371435627177,1.3804833470953504,2.66046767704302,0.46936692882693704,0.38163168292381966,0.2752604512194771,0.851351418611813,0.257351395562725
1761048000490,98,F001,0.014896329141277831,0.013819202762849144,0.9627123771642557,4.663289610473996,2.609088846995399,6.90663069259114,30.283237487861932,-24.506375374603632,40.48208345646333,2.0351805183895615,1.499443114222916,3.3934752533674857,0.47149526794643226,0.3829260957324947,0.2761889053835501,0.8337199680629558,0.25440763788913573
1761048000495,99,F001,0.006229936133446382,-0.007437278226504033,0.9541484877665948,5.672972947004957,2.7209392554752876,5.418936052782058,30.25570511710867,-24.59863599328561,40.450832717233205,1.6512890028764342,1.2308074922154941,2.712824396020378,0.47354915249737217,0.38417421222639153,0.2771003229149732,0.8595944115752754,0.27180457318257806
1761048000500,100,F001,0.008742727658458859,0.00896368781276739,0.9770491540361211,5.262146212218096,1.5575748961451492,5.762469030991561,30.26343681549112,-24.604444517004126,40.435639794065374,1.944211655527144,1.2209873083490106,3.4244632137326017,0.4755282581475768,0.3853758815064338,0.27799464759321985,0.8736157537744712,0.2037993447036243
1761048000505,101,F001,-0.0011656452637817908,0.005954578546474796,0.9739753563078792,3.7940690945342763,2.276962472564257,6.396731463715087,30.323572701868308,-24.60735410872431,40.51027120396667,1.857032309669041,1.235787247712069,3.056468717325938,0.47743227237332153,0.38653095828908035,0.2788718242521312,0.8560927881028385,0.24246457494814438
1761048000510,102,F001,-0.020138142559106766,0.0113430610728979,0.9746114470642182,3.310543473134829,0.057221140909821555,4.813438079834074,30.35857912600811,-24.44784470908278,40.40684237737552,2.1755742605506083,1.5429108190345937,3.6125211690912487,0.47926089450868803,0.38763930292388965,0.27973179878331916,0.8563189896001578,0.24270491362867044
1761048000515,103,F001,-0.012052848433508657,0.0020813127075650067,0.9823545137022741,5.237701644768986,1.0979383963435891,5.905299800085316,30.224464216154676,-24.465352737919506,40.42445123119467,1.9290997734919406,1.5681443427889235,2.8074835806530514,0.481013835793043,0.388700781410404,0.28057451813950374,0.8507715936341079,0.2749088152169011
1761048000520,104,F001,0.0008152046089680478,0.02325535696812206,0.9844662682210948,4.452347015401874,2.551397123700876,6.176839942860467,30.31446582791536,-24.694109724162843,40.481728073004916,1.4113236048750397,1.6959080796926198,3.320794978673162,0.48269081941663705,0.3897152654143503,0.2813999303377855,0.8717731916067392,0.25629157529041086
1761048000525,105,F001,-0.008711862454804648,0.026938151021332096,0.97820927304055,4.688915275057875,2.067586240020539,5.863658940285468,30.232693880387025,-24.51109245300238,40.48089722578082,2.0885810490173875,1.6085656283337868,3.2450815293131914,0.48429158056431565,0.39068263228315586,0.28220798446285195,0.8607261926287704,0.24946545578191082
1761048000530,106,F001,-0.011203561323254806,0.021824478605438874,0.9960114468679094,5.115673340197194,0.6636517178766888,5.527838986382181,30.421371978074447,-24.520536238769726,40.54585633794451,1.9926518913561166,0.6167179215201947,3.229870516465958,0.48581586645733704,0.3916027650607774,0.28299863067011843,0.8516321902242315,0.25279179560051873
1761048000535,107,F001,0.005657169892934296,0.010686454968481841,0.9889716638990838,6.045537666586302,2.4269914735242355,5.916659728348522,30.288451225945483,-24.482156135893725,40.50147763667274,2.2322990822577755,1.1808458454843704,3.176416157064164,0.4872634363932886,0.39247555250184085,0.28377182018880265,0.8570390799211139,0.2464342436765073
1761048000540,108,F001,0.00832762101946746,0.002940332025623377,0.9867774198578994,5.496079823632953,1.7253749250757822,6.34565397571623,30.315359651987404,-24.45655987261242,40.514997567685306,1.806801666614556,1.5001904730846465,3.4879061558577362,0.4886340617840968,0.3933008890850915,0.28452750532493293,0.8477999312971645,0.23898081161297596
1761048000545,109,F001,-0.015372890436797458,0.03726999741313193,0.9627327076935507,4.2649400207564465,2.324649861078193,5.833635341433955,30.31616120218506,-24.361957026069902,40.445765849151535,2.153241125706219,1.3115605700983728,3.6118531910707032,0.4899275261921235,0.39407867502615135,0.2852656394642906,0.8490931791346225,0.2849538128348844
1761048000550,110,F001,0.003148714397245938,-0.002124976073465821,0.9874569953721503,3.1904666526690004,0.19197209337975063,6.232289875827481,30.32266287135546,-24.486235518428476,40.49736583455257,2.1342958582556717,1.3315855289583793,3.8635687419161395,0.49114362536434436,0.39480881628958353,0.285986177075285,0.8783398556708674,0.25111245410934585
1761048000555,111,F001,-0.037150555853336445,0.005870869525760441,0.9683177124690804,3.363797582981252,2.7015085835987516,5.971668029325854,30.227216392228144,-24.464545703809073,40.44527130563794,2.0702135790571843,1.3177167477059384,2.853231975302454,0.4922821672646027,0.39549122460026087,0.2866890737117622,0.8496679360444669,0.22440192981617954
1761048000560,112,F001,-0.03858711365401228,0.02191511178357083,0.978105593151611,4.575787083673021,0.2708456143014367,5.824819439730456,30.316228103724104,-24.477417813759445,40.46814501224356,1.8562647115250916,1.0590297295534672,3.411814766722972,0.493342972103934,0.39612581745403874,0.28737428601574677,0.869040719649373,0.2656009333046231
1761048000565,113,F001,-0.010147063295889311,0.023917725431333532,0.984501226501166,4.429436927246916,1.728377463938343,5.563702656252752,30.372847382505775,-24.450488231087878,40.48703947293564,2.1858413688657645,1.124695454277771,3.6788289389000144,0.494325872368957,0.39671251812773023,0.2880417717201161,0.8675201043526338,0.22187812507957824
1761048000570,114,F001,-0.0219912739546212,0.0073184949657120624,1.0082609805190699,4.913451569046844,-1.2229288781834926,5.522103480544831,30.314157480394183,-24.57862181947198,40.525866934207436,2.2498703449820456,1.2989699856198138,3.5525670465987123,0.4952307128483256,0.39725125568838116,0.28869148965120783,0.851315000114651,0.25578336165997373
1761048000575,115,F001,-0.013964055740994644,0.02397710696455224,0.9895110958884171,4.077014261058775,-0.42523079701240774,5.7125592708707,30.28506705738436,-24.482472383449775,40.54753405225267,1.380119009963345,1.5167836968616017,3.815765883208719,0.4960573506572389,0.3977419650018471,0.28932339973135957,0.8655623833227415,0.24266708829415326
1761048000580,116,F001,-0.014795010713095563,0.0053653952417045195,0.9804878928988521,4.322915285318489,1.8769805549906668,5.839465325329391,30.436848045436648,-24.533060958943473,40.55087214917147,1.6635163324042261,1.3480185045353463,3.209569375032698,0.49680565526000414,0.39818458674066765,0.28993746298138096,0.8658681323402703,0.25328647676156957
1761048000585,117,F001,-0.020884167612287875,0.026631362302946146,0.9982863663323933,3.5516816054721674,0.01135706547760923,5.693519420414847,30.38383474876834,-24.45415875317088,40.460673699030885,1.147386783232721,1.3457048730021586,3.4482703450494876,0.49747550849065,0.39857906739123883,0.29053364152295835,0.8684786737250506,0.23128563717527229
1761048000590,118,F001,-0.013020996921520546,0.023565022987522718,0.9878909462798976,3.4779468115819427,1.9664931926345075,5.669378246172832,30.32391424880943,-24.513599930309553,40.392584911208054,1.5456339775044996,1.0438625739655278,3.531208610079661,0.4980668045715862,0.39892535926028355,0.2911118985809909,0.8404683874837504,0.26961092783397633
1761048000595,119,F001,-0.018011115147030313,0.01935468615997549,1.0026377228772876,3.5795286409784524,0.33373412775667977,5.531810734398984,30.36131363725651,-24.541966939723892,40.495549610259445,1.9089606442349416,0.813766349868177,3.769959617958813,0.4985794501303069,0.39922342048061793,0.29167219848585946,0.8410269171997224,0.24366303885112606
1761048000600,120,F001,-0.03434255554903,0.03009653620500497,0.9951646379557719,5.141899670584246,-0.027811957700882572,4.249339074679251,30.3900165618701,-24.442407401409938,40.50529059227175,1.789976374181384,1.110261258884204,3.576700523407815,0.4990133642141358,0.39947321501621225,0.2922145066756267,0.87479314411818,0.22739512556245803
1761048000605,121,F001,-0.016166406739676852,0.02237813518375351,0.9864257687286165,4.222331160076921,0.5114117919822404,4.701059430866538,30.26402042486908,-24.520579489272826,40.56000047074631,2.078696302531698,1.353726096022557,3.441919854951548,0.4993684783030088,0.3996747126665485,0.292738789698169,0.8399705004097555,0.19488078465998562
1761048000610,122,F001,-0.015669501056402184,-0.004628958449031689,0.986741334557498,4.298804837551268,1.185464043398572,6.201804842446104,30.36001699740454,-24.507922698009367,40.5168396945737,1.8555383798404355,1.4373036793904792,3.8200168832440258,0.4996447363202947,0.39982788907027156,0.2932450152132399,0.8501052906750628,0.22269799272490304
1761048000615,123,F001,0.0017861538825208675,0.026322332577251487,0.9882547412109208,1.6981973298622233,0.0052419062608342615,5.42261335023609,30.393153952159885,-24.514883643194377,40.534015144319945,1.5985841365554452,0.7241561203815062,4.042025165304772,0.4998420946416501,0.3999327257081342,0.2937331519944651,0.8689519023746411,0.2860541928448098
1761048000620,124,F001,-0.026699208868647142,0.02072393261958202,1.0000387058552462,3.8592747962396823,-0.05294283014835413,6.9419848216235245,30.434218365370747,-24.495242765367106,40.50274445497396,1.9488381797287588,1.1927932771059564,4.01042134891673,0.49996052210190817,0.3999892099052363,0.29420316993126855,0.8529132600187037,0.2528692774334756
1761048000625,125,F001,-0.013972166815320342,0.027094531276113033,0.9938840172903345,3.2898836219928396,-0.30050701142197456,6.7260304984752555,30.419882217147144,-24.462456850352133,40.44499651805504,1.5067736016199103,1.4039856086161988,3.2202507893034493,0.5,0.39999733483255756,0.29465504003073,0.8422321506994523,0.2177862972025647
1761048000630,126,F001,-0.016992768044431096,0.014585528948840323,1.0007674594340392,4.506689975387766,-0.6165765149304725,5.049374041427616,30.2998087956404,-24.510683261212108,40.49983090348163,1.719152233278413,0.6399584671624745,3.5101853916790904,0.4999605221019081,0.3999570995077825,0.2950887344193732,0.8377280103912224,0.2740487550323907
1761048000635,127,F001,-0.012570766548154136,0.023841883568712287,0.9990954463263466,4.584073073537896,-0.9042229005459637,5.831613021191273,30.3063157159057,-24.521053832868112,40.51220371136262,2.356185623667476,1.5169731953564198,3.709954048133292,0.4998420946416501,0.39986850879541963,0.2955042263448853,0.8776892105543214,0.23606970578764008
1761048000640,128,F001,0.006956972694929774,0.012101182005681266,0.9969942008661682,4.298218776349528,0.00625492041836917,5.290316510348578,30.349252661772883,-24.516675741031786,40.469891273632584,1.854761857495728,0.5249857484067396,3.7273978312735507,0.4996447363202947,0.39973157340621324,0.29590149017776735,0.869995018892366,0.23393102322079953
1761048000645,129,F001,-0.004156550970405938,0.019091548804671198,0.999227695253818,3.31517462490853,-2.115276040886977,4.282598074137756,30.358181853808148,-24.55095367725552,40.52038243696413,1.87991215357565,1.204318440250615,3.5703632340634486,0.4993684783030088,0.3995463098958485,0.29628050141291473,0.8647724471486604,0.23239373402024113
1761048000650,130,F001,-0.010826000512334975,0.022903442444325475,0.9915792219618871,2.5566053995303157,-1.5303933792789741,6.305835452325975,30.386512514952628,-24.491795292826314,40.45947021911039,1.6902091183636687,0.8204102682244803,4.251498244255215,0.49901336421413583,0.3993127406629499,0.2966412366711292,0.8688664710226847,0.23401561622560288
1761048000655,131,F001,-0.0028244523775822128,0.0074973966159199625,1.0010591801134763,3.3180148168198063,-1.5928107718720335,4.131442378646714,30.292387063110528,-24.39498300349394,40.5588823357513,1.7754088834091937,0.786609474918447,4.664855001489751,0.49857945013030697,0.3990308939463729,0.29698367370056084,0.8533949679551972,0.2413644063236475
1761048000660,132,F001,0.005154941532752375,0.0056991639207556654,1.013785501424564,4.760186394726951,-1.750816100590603,6.2692662899913785,30.351382016222896,-24.479457117337397,40.469857437687224,1.558932616700949,0.7727077566194905,3.6865724774361537,0.4980668045715862,0.39870080382179046,0.29730779137808055,0.8561062596540399,0.24332099896657444
1761048000665,133,F001,-0.01056849211384195,0.011540223890404768,1.008147712300719,2.7935113086599754,-2.357156768154148,6.453481919424835,30.364061717577652,-24.467641652722893,40.521219195031534,1.5537846820727022,1.1188073556476437,4.062614110096423,0.49747550849065003,0.3983225101975723,0.2976135697105834,0.8634168122192558,0.22293148109004712
1761048000670,134,F001,-0.0013876128969526633,0.017910569318546066,1.0100887570624224,2.857194116000301,-1.4202637827748026,5.941602727234166,30.355375377799817,-24.421220849965003,40.419788209305246,1.3367709229135327,0.882065081558748,4.269509452005829,0.49680565526000414,0.397896058809961,0.2979009898362213,0.8428108098911917,0.21965981158335904
1761048000675,135,F001,0.01855078150421271,0.012580635968502367,1.0219173685181193,3.763950370237626,-1.8748637656367788,6.247490860430412,30.488706067935148,-24.492821042106314,40.50111429682141,2.0931054362710317,1.0483130695606238,4.348343085174968,0.4960573506572388,0.39742150121754144,0.2981700340255673,0.857591350383902,0.23109254229252382
1761048000680,136,F001,0.013535318200193103,0.00940887772525242,0.9959821328260708,2.842114661362389,-0.8748911443694461,4.847473884302504,30.406134690291296,-24.498027485460142,40.52346306511868,1.2796336453851191,1.2105846824835258,4.447501043326773,0.49523071284832554,0.39689889479500795,0.29842068568270824,0.8660230239387029,0.22331482470346767
1761048000685,137,F001,0.006326732235150372,0.013438190702282572,1.0101942631519096,1.4903666611273572,-1.3443253275175677,6.944476878051464,30.369053242044863,-24.436009877462766,40.5582715687521,1.9104622729346081,1.195890568946134,3.957469339405119,0.494325872368957,0.39632830272622743,0.2986529293462694,0.8610080010728426,0.26496638447554843
1761048000690,138,F001,0.003740693541505421,0.00914705311633009,1.0095913801014942,3.8007945713702767,-1.6209184292875873,4.972555618291487,30.410948469757248,-24.511747322874175,40.42738232679026,1.378901086687344,-0.08104049676061464,4.408350198784016,0.4933429721039341,0.3957097939966002,0.29886675069036756,0.8699436528495444,0.2680031883841967
1761048000695,139,F001,0.008640173070631517,-0.006067198185432006,1.0048039534631592,2.483294674245731,-1.7429860079886508,4.980187620359038,30.402305352883968,-24.49251978516835,40.48003538697732,2.101009255798137,-0.01187005512938144,4.4138812539367605,0.4922821672646027,0.3950434433847198,0.299062136525495,0.87214709348938,0.2884382365422543
1761048000700,140,F001,-0.003755089565960006,0.016360771411048865,0.9945973565079694,1.9261727005096967,-1.2797667513406794,5.954845274021088,30.368521858534937,-24.51588349141601,40.5036673745381,1.6628020786920077,1.1969805800975297,4.747702288117534,0.4911436253643444,0.3943293314533318,0.29923907479933315,0.8629842228083193,0.21662901459045872
1761048000705,141,F001,0.022656597117409173,0.01446075912685655,1.0009442267149662,1.3777999134121655,-2.532670340864042,5.755310357276325,30.373405872359747,-24.464604934444747,40.52409978936567,1.5038839862281064,0.5336615798329465,5.1309284122091094,0.4899275261921235,0.3935675445395942,0.2993975545974958,0.8328894878391818,0.22014269084648325
1761048000710,142,F001,0.01799090693353185,0.011076970079731524,1.0089388366790086,3.119434252889734,-1.4643373232531847,5.71379892886178,30.272740464712776,-24.54030247134977,40.41357622956529,1.2175306551691676,0.19175105587433294,4.047589262503425,0.4886340617840968,0.39275817474463853,0.29953756614420246,0.8688480115645357,0.2172110086062878
1761048000715,143,F001,0.017185832420693194,-0.017742671575237963,1.00470548236818,3.781293743623689,-3.5775362264276005,5.151937948752882,30.47037398357234,-24.53831719596244,40.49824683157383,1.5705634955029877,0.96911945534598,4.436987352030711,0.4872634363932887,0.3919013199224351,0.29965910080288144,0.857744323096578,0.24180741229258207
1761048000720,144,F001,0.0039123323347949705,0.010294004786174952,0.999020867843181,2.874088212722079,-1.3017818609825502,2.731521097797211,30.335185760238975,-24.488788076871316,40.49438636440819,0.9377492336814874,0.22784712779154276,4.302844310304004,0.48581586645733704,0.3909970836679622,0.29976215107670245,0.8510712170974184,0.24209100912440998
1761048000725,145,F001,0.01067050604224537,-0.01414588123617486,1.0198676124371189,1.7837799900092604,-2.9561505463786304,3.7990243338302125,30.348460355437656,-24.491146907857335,40.461710394994824,1.9102538552210222,0.8523196242170521,4.60375374477833,0.48429158056431565,0.39004557530468126,0.2998467106090393,0.8689944990647683,0.22758624758413568
1761048000730,146,F001,0.023740326050368438,-0.004533117164353608,1.0090185578886475,2.498641201141622,-1.1928983670205104,5.078995952675827,30.403428550320946,-24.49733956200298,40.59689633885873,1.2286386378488265,0.3553126456282159,4.6568756482810105,0.48269081941663705,0.3890469098713196,0.29991277418386164,0.8672201914463756,0.2568433097629267
1761048000735,147,F001,0.021783037524276253,-0.007618788928495039,1.0076204706795353,1.63243592209824,-1.422570776424437,5.729068023245485,30.46699100645839,-24.463589965061047,40.508335852412294,1.2368539615812155,1.1870168471950682,4.509573162323132,0.4810138357930431,0.38800120810796207,0.299960337726057,0.8628906784649729,0.2327225808948299
1761048000740,148,F001,0.014678440241660954,0.009404492969962559,1.0292004931680152,1.5295493415550871,-1.1000022560604463,5.1612979960119985,30.389606581568653,-24.557565059063812,40.50076281758927,1.774057220205202,0.17769556796043812,4.640807095646202,0.47926089450868803,0.38690859644145315,0.2999893983016821,0.8540883602799596,0.22208111734524041
1761048000745,149,F001,0.024961458459662973,0.001599721257702259,1.015147312702335,1.9960029353557904,-2.372887510172543,4.597091342257427,30.348046179158327,-24.533121210420024,40.471030132103174,1.5797532305772934,0.4464747794226771,4.806743731851205,0.4774322723733216,0.3857692069701122,0.2999999541181436,0.8688882208945489,0.24717024470577448
1761048000750,150,F001,0.029387831252206127,-0.009315748942969425,1.0145316509997961,1.4090960984556262,-3.3730507504527605,6.710043389921889,30.40282252498972,-24.627988654141255,40.42888423464888,1.3587453529842886,0.7025294316122771,4.291201399135699,0.4755282581475769,0.38458317744776216,0.2999920045243093,0.8583426474437807,0.2375154224099991
1761048000755,151,F001,0.013161036545270085,-0.005553495584185411,1.040053254644333,2.557031819866376,-3.8589323166372367,5.323006086301959,30.343953681038574,-24.563048478734228,40.44308237759596,1.489050872145659,1.2279647274277834,4.384983629187966,0.47354915249737217,0.38335065126707524,0.2999655500105474,0.837501015343789,0.2055907395910489
1761048000760,152,F001,0.014337162613541258,-0.01737672652404766,1.0252773970096007,0.7842691799479288,-2.872723378132231,4.854064523758945,30.351861279322854,-24.548113353816532,40.418261808835815,0.9601752826930973,0.3834997708213459,4.765693250495126,0.4714952679464323,0.3820717774422362,0.29992059220869693,0.8685282298437204,0.23981684290947272
1761048000765,153,F001,0.010507254278427327,-0.023043132896671946,1.0186128482357442,1.7706800649999728,-4.504751621112169,4.583089618221233,30.436453163187313,-24.565342610342196,40.508671904505626,1.4268481883671666,0.8868170908302787,4.805308497086259,0.4693669288269371,0.38074671059092685,0.2998571338919669,0.8508437725321186,0.2150043534675034
1761048000770,154,F001,0.007042887469598009,-0.006745938918633202,1.0024452742167205,0.35375402528101363,-2.6352006084099266,3.781007524478498,30.362058796223696,-24.546733453242936,40.430850615657185,1.212559683757646,0.7043643709131038,5.220610351531998,0.467164471228306,0.379375610915632,0.2997751789747652,0.8615953658951002,0.23864551144610746
1761048000775,155,F001,0.025786848953053866,-0.00646835861323395,1.0145364263527277,-0.14380512842935045,-3.017520619856292,4.794354568904673,30.448781804895244,-24.546827258829932,40.48866681263692,1.3096647347489887,0.7387513085450472,4.230822927339773,0.46488824294412573,0.3779586441842709,0.29967473251245713,0.8463742864081242,0.22714489727120454
1761048000780,156,F001,0.021986838728396612,-0.014542515874746845,1.022912647047856,2.0762619247555656,-2.409569164357059,3.5392808229852246,30.460139469306394,-24.566261024694775,40.468591377986655,1.613598578790239,1.0036637505426826,4.3992091261749104,0.462538603417229,0.37649598171015597,0.29955580070105375,0.8433546249854672,0.24255370274405763
1761048000785,157,F001,0.01919023961239518,-4.807046262086251e-05,1.0368721712309,0.4654466779637053,-1.6503363476412531,3.841510135218736,30.413435678753896,-24.58511436871159,40.51043668128661,1.3864485270176912,0.10212538472150273,4.795451146070369,0.46011592368293514,0.3749878003312804,0.29941839087682925,0.8635501456135325,0.24079044201201905
1761048000790,158,F001,0.0028581722030672878,0.0016241754806874502,1.0176129373883882,0.7607918080938015,-3.1311566969334947,4.305128366739389,30.390893891985428,-24.51044583265287,40.52419885667522,1.7185525795255008,0.9250210421709848,4.4128633328319715,0.4576205863104587,0.3734342823889383,0.29926251151586886,0.8564104754867657,0.25850140414051703
1761048000795,159,F001,0.0027665607591352403,-0.021265591150832965,1.0192229238676178,0.8230565238458043,-2.8904267267845167,4.690905011692874,30.454026898026395,-24.5740334483055,40.531296580653915,1.4893842640823172,0.022762742441267414,5.420429551206953,0.45505298534249783,0.3718356157056794,0.29908817223354595,0.8511667396117641,0.2534288392793778
1761048000800,160,F001,0.011079019403088395,-0.014734397259365697,1.025525670384153,0.9562063992924992,-2.813990228746393,3.1040084425073715,30.361773805299254,-24.571147756192968,40.458609765959025,1.7250415219509652,0.08640802337551706,5.036432558313723,0.45241352623300973,0.3701919935626012,0.2988953837839286,0.846251274893668,0.23300468825431395
1761048000805,161,F001,0.00604873078144076,-0.012846838653192957,1.0234028431440343,1.036993171636864,-2.6362507708554728,3.418883472524569,30.44869368277159,-24.52946906351703,40.48175322055603,0.7879902271494152,0.5727527111542224,4.960827330308708,0.44970262578318543,0.3685036146759806,0.2986841580591165,0.8568654451747976,0.22871939972301247
1761048000810,162,F001,0.009716413827413608,-0.03714792389067147,1.0215006594121143,0.1733024863665263,-3.420582429389021,4.752929704874596,30.485421706613046,-24.56239537486788,40.503822857260225,0.5336935542659187,0.7062689783151673,4.736827788061564,0.4469207120756319,0.3667706831732491,0.29845450808850726,0.8617714876988244,0.24307906106607563
1761048000815,163,F001,-0.0002149584578464139,-0.006973532910721891,1.0146358959400272,0.6747864062688759,-3.2522974053364555,4.522856777446988,30.43542827014921,-24.540308776047432,40.506974922881724,0.6636070599050269,0.24780532202337496,5.319009873911504,0.44406822440677224,0.36499340856831375,0.29820644803799295,0.8538604273267436,0.21711710844951965
1761048000820,164,F001,0.011514046564302785,-0.008864062951498454,1.0275438981935254,1.1050147302870315,-5.5113558173670425,3.6883711965193697,30.43934453285185,-24.598341612910584,40.55715036875163,0.9076542877729323,0.26310030753618574,4.879681497522309,0.4411456132174767,0.3631720057362258,0.2979399932090858,0.8665973777102561,0.2850797522355173
1761048000825,165,F001,0.021123490042229506,-0.014950852624231136,1.027771445153938,-0.9259245519511323,-3.6809226203974106,4.541929839916188,30.390663054620866,-24.528545887461508,40.500212668051375,0.9647548114700439,0.7831757072978339,5.889850168199983,0.43815334002193185,0.3613066948872031,0.2976551600379749,0.852280950498989,0.2166752153138181
1761048000830,166,F001,0.01672187134171942,-0.019168610975489546,1.0211564157467132,0.4718934219523333,-3.6687795955164892,3.2825929529844236,30.377064433021655,-24.595049299131187,40.48861971015726,0.9208716765420769,0.6072011390810661,4.897460747459904,0.43509187733476284,0.35939770154000533,0.29735196609451175,0.858213349045967,0.2232759891102734
1761048000835,167,F001,0.015470524667858998,-0.02264781025898715,1.0208967502283628,0.384327404534466,-3.3220031277648197,3.910636361686913,30.44769257142847,-24.53531017038604,40.56229978258389,0.7442421201599015,-0.08781204626637795,4.882964513839083,0.4319617085964177,0.3574452564946691,0.29703043008112723,0.8491021636331167,0.22036243834382427
1761048000840,168,F001,-0.0017964668685909327,-0.005126237027405757,1.0354076095179536,-0.0518746681419467,-2.8535219992507694,3.3567590822840243,30.378060503949808,-24.58721646792941,40.51932889865716,0.9448454104708283,0.06582555543610763,5.030866221767409,0.4287633280968261,0.3554495958046038,0.296690571831677,0.8548735775138545,0.22094451629498643
1761048000845,169,F001,0.004852887485963494,-0.02490425706390478,1.0025276371427683,-0.5417701224678739,-4.629740787917986,3.559614244542196,30.35606178207084,-24.456085026776897,40.416203627568464,1.2354898160205554,0.4099082029750736,5.154155026584779,0.42549724089734603,0.35341096074805206,0.2963324123102188,0.8446427828062806,0.2197834298982503
1761048000850,170,F001,-0.009948638313012622,-0.014493439921528007,1.0017962967585974,0.8753581484450594,-4.475706484316359,3.825399595261786,30.40487578007245,-24.567793357181866,40.45534092638545,1.2936758555021388,0.5393138673077993,5.423522698365825,0.42216396275100765,0.3513295977989195,0.295955973609719,0.8562357560599834,0.19294953689062314
1761048000855,171,F001,0.0012568676187059875,-0.01907435765735556,1.0259721783765243,0.059067422108207146,-2.734190267040605,4.047960345297032,30.430373390703,-24.483244034361395,40.4775771402484,0.9853314119019623,-0.1538873938821759,5.575353539989068,0.4187640200210709,0.3492057585969749,0.29556127895068984,0.8549155791590914,0.2168128542146325
1761048000860,172,F001,-0.01341929902479572,-0.004994991652888046,1.011281408811019,-0.4250272378905316,-4.186326010158421,3.8635229969357137,30.483624076518065,-24.565358750711844,40.409962829365696,1.4188016475706025,0.1447549007102998,5.115835644160262,0.41529794959790634,0.3470396999174272,0.2951483526797571,0.8762342551335698,0.20633373451792789
1761048000865,173,F001,-0.01613142190879553,-0.0027790112291524727,1.0304541768006648,-0.6637404037858764,-3.2281866435669144,4.448512396162922,30.433790932447007,-24.57915586331797,40.435950875805965,0.6706341493067371,-0.7030913926036871,5.19057939599688,0.41176629881421384,0.344831683639881,0.2947172202681582,0.8631307520239385,0.19752864319583752
1761048000870,174,F001,-0.019192417964633408,-0.015596226910370674,1.006844333049228,-0.3375732235841185,-3.2121671372992657,3.5940450734914613,30.406024191411184,-24.478662880357465,40.519649874469394,1.1174788152753943,-0.2434761545735542,5.56206901107867,0.4081696253585921,0.3425819767166742,0.2942679083101711,0.8550163215211222,0.2233795111798646
1761048000875,175,F001,-0.007150727255018608,-0.01628621642096372,0.9883349267094713,-1.8633986233688034,-4.299008901944583,5.145042125680834,30.459979366046166,-24.48271902809007,40.42912092776028,0.7051093003467034,0.360299154137751,4.648319242448481,0.4045084971874738,0.3402908511406042,0.2938004445214738,0.8552464803349511,0.2328397362085327
1761048000880,176,F001,-0.012656198280414758,-0.02786186673334585,1.0119027104325307,-2.2230917876532494,-4.295939460160104,3.6801884782350673,30.439138760598496,-24.55162063330207,40.53163942200333,0.4995386002199135,-0.36005234071103087,4.952159829122006,0.4007834924354383,0.3379585839120425,0.29331485773743476,0.8581694787693752,0.19762938170889494
1761048000885,177,F001,-0.014678358078686003,-0.025585280555617124,1.0037660481646409,-1.7918970739138635,-4.300356708519375,2.6419173594764085,30.476783053013897,-24.57738243139589,40.38357688109555,0.8841945007540215,0.06555407575483123,5.475502808808761,0.3969951993239177,0.3355854570054459,0.2928111779113342,0.8636889591589832,0.24235376382878723
1761048000890,178,F001,-0.028924190123267975,-0.010901904335859313,1.0338082630095897,-1.170433850002354,-3.9288528678139456,3.6762955769647125,30.416948693933563,-24.461957036258383,40.50811738245603,0.6402937650965673,-0.3991945925429009,5.571582984054763,0.39314421606830957,0.33317175733526455,0.2922894361125162,0.856765925127073,0.19558368403654028
1761048000895,179,F001,-0.01693704360836035,-0.009329350644455841,1.0098801643400064,-1.8330515801333513,-3.173443867863741,2.8445014900579118,30.43676022407972,-24.567738893348736,40.45887338332718,-0.1239117804074793,0.20823613864419888,5.419310215901912,0.3892311507835118,0.3307177767212544,0.2917496645244726,0.8461379160331478,0.21484456406435362
1761048000900,180,F001,-0.03342832386157467,-0.01254335884173764,1.0138623695101476,-1.1294577562523873,-2.487524981224441,3.068971688042383,30.482876057602223,-24.568542845547256,40.47649655217605,0.3077048648811406,-0.63221751785356,5.682554126586185,0.3852566213878947,0.3282238118531948,0.29119189644285753,0.8590894757993089,0.20419566487909402
1761048000905,181,F001,-0.0047532069966685336,-0.02393063154570415,1.027240351336786,-2.281872076801107,-4.5028036811332015,1.7426686054310299,30.45124346466821,-24.672196216286707,40.462552180525876,0.8490190730239597,-0.06999555781413871,5.131370422992265,0.38122125550572394,0.3256901642550194,0.29061616627343356,0.855209184274267,0.24058486411723978
1761048000910,182,F001,-0.021157828859362588,-0.020585087489806708,1.0153763695303246,-0.19879618421919498,-4.420252730512404,3.6022309449592282,30.372427484070695,-24.538322132949602,40.47338809246473,0.7603236449275752,-0.23573320481408333,5.155078947299137,0.37712569036805205,0.3231171402483606,0.29002250952994946,0.8615220563526239,0.1924569290252631
1761048000915,183,F001,-0.018045839190074024,-0.03893853126608552,1.0182381702020138,-1.175855433173356,-4.61300839610166,4.081820871255017,30.400022304800395,-24.532707580842384,40.3472398189083,0.17369648897572504,0.12368790772698522,5.388126014308934,0.37297057271209116,0.32050505091551496,0.28941096283194956,0.8613251664544548,0.20674464413656674
1761048000920,184,F001,-0.0210120271004801,-0.011025361062937352,0.9986533058259293,-1.509583290982557,-5.036095625626109,3.766920081475966,30.499909315699362,-24.599161325367646,40.464515091225586,0.5131861749491333,-0.5891365797932473,5.0260165718269745,0.368756558679087,0.3178542120618333,0.2887815639025148,0.8742908487028086,0.19443814892768244
1761048000925,185,F001,-0.03559339260305556,-0.03379409161988343,1.0164128516923774,-4.114329398958451,-6.545307854508524,3.356737285265221,30.45608623432407,-24.603626751081578,40.42914428517732,0.6559163718772645,-0.46469738508672453,5.666825102822754,0.3644843137107058,0.31516494417753926,0.288134351565936,0.8535772734798378,0.203064287623006
1761048000930,186,F001,-0.03308940007831495,-0.026901028891453203,1.0138198382764874,-0.831841594001868,-3.8981632201936716,2.780201191698242,30.49526433196863,-24.66645222100646,40.362823523808146,0.39382541219009626,-0.04120295436161922,5.787015184040911,0.3601545124439534,0.3124375723989811,0.2874693657453186,0.8554647776745192,0.21156052905079842
1761048000935,187,F001,-0.01910079876153299,-0.01664011655297892,1.0072083361112514,-0.8153040176688646,-5.5204560609175575,3.064355065685007,30.44377587902558,-24.558807675301487,40.473827590810444,0.33883238887008177,-0.23431844118241846,5.876973357862673,0.3557678386046427,0.309672426469323,0.2867866474601204,0.8548950829777828,0.17297684603093497
1761048000940,188,F001,-0.0031718260549058463,0.0039229049942937156,1.0018882479392694,0.08636011580398328,-5.9080347457001245,3.5835171759627147,30.452930547221086,-24.66445952912952,40.41618628710221,0.5008806395314829,-0.6754555364003696,5.848926978716121,0.35132498489942465,0.30686984069867795,0.2860862388236211,0.8611031009562181,0.1955212777445343
1761048000945,189,F001,-0.028367212701017344,-0.016608238226456348,1.0131671705400038,-2.5544369462803833,-4.379418432321971,3.12730338109024,30.541751303757785,-24.661005430134384,40.4791865834224,0.16385896954550005,-0.7421563230355375,5.4291801361839225,0.34682665290640263,0.30403015392368943,0.28536818304032474,0.859992906634799,0.20123289479513612
1761048000950,190,F001,-0.02323448014615579,0.0025703178125784606,0.9934658586522397,-2.786184693678387,-4.358282177475134,2.4417215333586264,30.545116446841167,-24.618046282493,40.484003815637394,0.21920405579407592,-0.31742837812254643,5.206724282316687,0.3422735529643444,0.30115370946656594,0.2846325244032942,0.8501776421072725,0.1925069490468424
1761048000955,191,F001,-0.015474547137712031,0.016773424136860813,0.9987468276594531,-2.6891419069674045,-4.318423114171297,2.4458839551079836,30.458123783307244,-24.533526212784185,40.355446312425556,0.7555998941758404,-1.0688736408728778,6.57662544822232,0.3376664040605123,0.2982408550935722,0.2838793082914196,0.8556951735363586,0.17907648294906692
1761048000960,192,F001,-0.030563748193163175,0.00581832650493541,1.0005145182716755,-1.2672514854746677,-3.7744112619767196,3.941223605748693,30.49065377760103,-24.63315715058422,40.3949199080803,0.2609392616536503,0.09385899815157378,5.5531151360216455,0.33300593371712583,0.2952919429729842,0.2831085811666187,0.8802514991856419,0.22369539256248583
1761048000965,193,F001,-0.029231562224631802,0.005715125178638553,1.000387389985106,-3.1492789865190858,-4.019089627261947,2.801760513560414,30.51242335112264,-24.595869024804664,40.34127942670447,0.0069489731739675875,-0.32868080058585686,5.688084452228097,0.3282928778764782,0.29230732963251155,0.28232039057097086,0.8485031624605447,0.18908752447925223
1761048000970,194,F001,-0.014831075322154098,-0.010766935320338377,1.010870161226523,-2.7666025132092313,-2.7810498724091155,2.7845658535298616,30.493082665971794,-24.53141985258382,40.47960948338249,0.16676580464951818,-0.7253265845204597,6.281248349453315,0.3235279807847222,0.28928737591619214,0.28151478512378486,0.8654070324994126,0.1695477067752746
1761048000975,195,F001,-0.009532561425664164,-0.000999217366545518,1.0001272773841445,-3.4135257635298517,-3.812655917218837,2.160034382299599,30.561449778107995,-24.552408466305742,40.39052641455215,0.3175488103648689,0.05773785787540259,5.6866900124551165,0.3187119948743449,0.28623244694076655,0.28069181451859937,0.8712715169166468,0.23366222088919064
1761048000980,196,F001,-0.011274222380360629,-0.013103177849206006,1.004409644803472,-0.8281436528259909,-3.9869214838662397,3.0265516985291305,30.592118589329367,-24.587391975686835,40.46910151826613,0.27837574986923885,-0.726520489311711,5.885459697802784,0.31384568064535023,0.2831429120515339,0.27985152952011794,0.8462039821441768,0.20834339837906626
1761048000985,197,F001,0.009762401378393341,0.010932505786697452,1.009696501747868,-2.6191618194540425,-3.189470331248477,2.1845185381409813,30.492826856092034,-24.67900405303751,40.35486163991771,-0.33816028871250514,-0.18607542477929315,5.85155010564653,0.3089298065451671,0.2800191447776985,0.2789939819610773,0.8712565798521176,0.21963379358397622
1761048000990,198,F001,-0.005389555764949068,0.01138004269989858,0.990613279964798,-3.331921390118209,-2.20742716880447,0.1881884640298277,30.457188432647193,-24.61214667493718,40.42319270877553,0.005234999660125833,-0.513634641465285,6.030010089382687,0.3039651488473028,0.2768615227872087,0.27811922473905026,0.8316201361719116,0.19085706568069105
1761048000995,199,F001,0.0017215002651761765,0.0212535862549827,0.9881657771599759,-2.9000968601705446,-4.423088527134025,2.6228349330018648,30.489195718300383,-24.558510583794217,40.50587658835871,-0.010120555522902301,-0.20003672221186286,6.287830597913542,0.29895249152875947,0.273670427841097,0.27722731181318283,0.8611260671918606,0.2360094488324863
